{"current":{"color_background":"#ffffff","color_headings":"#1d1d1d","color_text":"#1d1d1d","color_text_light":"#949494","color_links":"#01925f","color_button_background":"#00ff04","color_button_text":"#ffffff","color_button_secondary_background":"#07413e","color_button_secondary_text":"#ffffff","color_button_secondary_border":"rgba(0,0,0,0)","color_header_background":"#000000","color_header_text":"#00ff54","color_input_text":"#4d4d4d","color_input_background":"#ffffff","color_input_border":"#dddddd","color_product_sale_accent":"#e32619","color_product_review_star":"#f6c347","color_footer_background":"#000000","color_footer_text":"#ffffff","color_overlay":"#000000","overlay_opacity":50,"type_size_base":16,"type_heading":"futura_n7","type_heading_size":"1","type_heading_capitalize":false,"type_heading_spacing":0,"type_body":"lato_n4","type_menu":"lato_n7","type_menu_capitalize":false,"type_menu_spacing":0,"type_button":"lato_n7","type_button_capitalize":false,"type_button_spacing":0,"type_section":"futura_n7","type_section_capitalize":false,"type_section_spacing":0,"reduce_animations":true,"layout_max_width":1400,"product_show_vendor":false,"product_show_sku":false,"product_option_style":"select","product_sales_badge":true,"product_sales_badge_style":"money","product_social_sharing":false,"product_ratings_reviews":false,"product_ratings_star_display":"all","product_grid_show_second_image":true,"product_grid_emphasize_price":false,"product_grid_image_style":"small","product_grid_show_quickshop":"desktop","product_grid_show_atc":"always","quickshop_select_first_available_variant":false,"quickshop_show_dcb":true,"quickshop_product_cart_redirect":false,"swatches_enable":false,"swatches_swatch_trigger":"Color","swatches_shape":"square","swatches_product_card_size":32,"swatches_product_page_size":64,"swatches_option_style":"variant_image","swatches_custom_colors":"","social_facebook":"https:\/\/facebook.com\/tredless","social_twitter":"https:\/\/twitter.com\/tredless_usa","social_instagram":"https:\/\/instagram.com\/tredless_usa","social_tumblr":"","social_vimeo":"","social_youtube":"","social_linkedin":"","social_email":"help@tredless.com","favicon":"shopify:\/\/shop_images\/tredless-favicon_32x32_0a142875-5d7d-4571-b48e-755c80b7e102.png","enable_checkout_lock_icon":true,"continue_shopping_url":"shopify:\/\/collections\/all","continue_url_cart":true,"continue_url_404":true,"checkout_header_image":"shopify:\/\/shop_images\/tredless-checkout-bg.jpg","checkout_logo_image":"shopify:\/\/shop_images\/tredless-logo-black-no-fill-compass-DARK_ed635ca6-bc17-4f99-b305-90fd4e650efe.png","checkout_logo_size":"small","checkout_accent_color":"#01925f","checkout_button_color":"#ff5f00","product_slideshow_style":"natural","gallery_thumbnail_position":"below","product_enable_recently_viewed_products":true,"enable_image_zoom":false,"image_zoom_level":"min","product_grid_quick_shop":true,"product_grid_quick_buy":true,"social_google":"","show_dcb":false,"font_body":"Google_Lato_400,400i,700,700i","product_cart_redirect":false,"font_heading":"\"League Spartan\", sans-serif","product_grid_quick_look":true,"sections":{"static-header":{"type":"static-header","settings":{"sticky_header":false,"full_width_header":true,"logo":"shopify:\/\/shop_images\/B-removebg-preview.png","logo_height":72,"logo_width":150,"filter_search_by":"product_type","enable_live_search":true,"show_mobile_search_bar":true,"enable_live_search_images":true,"enable_live_search_articles_pages":true,"quick_links":"new-benzy-meun","menu":"new-benzy-meun","secondary_menu":"","small_promo_heading":"E-mail","small_promo_text":"<p>oladpkunbenjamin31@gmail.com<\/p>","small_promo_text_mobile":"<p>oladpkunbenjamin31@gmail.com<\/p>","small_promo_link":"shopify:\/\/collections","small_promo_icon":"icon-email","cart_icon":"icon-cart"}},"static-blog":{"type":"static-blog","settings":{"show_rss_link":true,"show_date":true,"show_author":false,"show_excerpt":true,"posts_per_page_range":9}},"static-footer":{"type":"static-footer","blocks":{"static-footer-0":{"type":"menu","settings":{"menu":"new-benzy-meun"}},"1498182586280":{"type":"menu","settings":{"menu":""}},"dc45c32b-54e4-4f4e-a828-cb23f0acc549":{"type":"rich_text","settings":{"title":"Contact Us","text":"<p>Email Us: <a href=\"mailto:help@tredless.com\" title=\"mailto:help@tredless.com\">oladokunbenjami31@gmail.com<\/a><br\/>Call Us: <a href=\"tel:773-912-0408\" title=\"tel:773-912-0408\">773-912-0408<\/a><\/p>"}},"static-footer-1":{"type":"newsletter","settings":{"title":"Subscribe","text":"<p>Invite customers to join your mailing list.<\/p>"}}},"block_order":["static-footer-0","1498182586280","dc45c32b-54e4-4f4e-a828-cb23f0acc549","static-footer-1"],"settings":{"payment_icons":true,"show_locale_selector":true,"show_currency_selector":true,"additional_menu":"footer"}},"static-collection":{"type":"static-collection","settings":{"show_collection_image":true,"products_per_page_range":36,"products_per_row":"4","sort_by":true,"show_by":true,"grid_list":true,"default_view":"grid-view","show_sidebar":false,"filter_style":"groups","filter_groups":"expand_first","show_filter_product_count":false,"filter_limit":"5","filter_position":"above_menus","grid_categories":"","custom_ordered_categories":"","custom_ordered_tags":"","excluded_tags":"","excluded_groups":"","menu_depth_range":1}},"1493163784784":{"type":"dynamic-featured-collection","blocks":{"d6f2966e-cbe1-4cff-b5a2-95ffba9a5216":{"type":"title_card","settings":{"image":"shopify:\/\/shop_images\/man-in-french-cuff-fashion.jpg","horizontal_size":"2","vertical_size":"2","text_alignment":"center-center","pre_heading":"","heading":"","text_color":"#ffffff","cta_label":"SHOP NOW","overlay_color":"#000000","overlay_opacity":50}}},"block_order":["d6f2966e-cbe1-4cff-b5a2-95ffba9a5216"],"settings":{"title":"MEN'S FASHION","layout":"grid","collection":"men-fashion-watch","product_count":3,"cta_label":"SHOP NOW","cta_button_style":"primary"}},"static-product":{"type":"static-product","settings":{"layout":"layout--two-col","sold_out_options":"disabled","select_first_available_variant":true,"show_dcb":true,"product_cart_redirect":true,"gallery_aspect_ratio":"square","gallery_image_crop":false,"gallery_thumbnail_position":"below","gallery_video_autoplay":true,"gallery_video_looping":true,"gallery_hover_zoom":"replace","gallery_click_to_zoom":"always"}},"static-announcement":{"type":"static-announcement","settings":{"show_announcement":false,"homepage_announcement":false,"announcement_text":"Free Shipping for all Orders above $100 to all locations across the US","announcement_text_mobile":"Free Shipping for all Orders above $100 to all locations across the US","announcement_link":"shopify:\/\/collections","announcement_color":"#ffffff","announcement_background":"#000000"}},"static-product-recommendations":{"type":"static-product-recommendations","settings":{"show_product_recommendations":true,"product_recommendations_heading":"You may also like"}},"static-product-reviews":{"type":"static-product-reviews","settings":{}},"static-recently-viewed":{"type":"static-recently-viewed","settings":{"enable_recently_viewed_products":true}},"16141154082496c2cc":{"type":"dynamic-slideshow","blocks":{"16141154082496c2cc-0":{"type":"slide","settings":{"background_image":"shopify:\/\/shop_images\/model-with-leather-jacket-over-shoulders.jpg","mobile_background_image":"shopify:\/\/shop_images\/model-with-leather-jacket-over-shoulders.jpg","title":"WELCOME TO BENZZYY FASHION STORE","text":"Elevate Your Fashion Adventure","color":"#ffffff","link":"shopify:\/\/collections\/all","text_alignment":"center","button_one_label":"SHOP NOW","button_one_link":"shopify:\/\/collections","button_one_style":"primary","button_two_label":"","button_two_link":"","button_two_style":"secondary","show_overlay":true,"overlay_color":"#000000","overlay_opacity":50}},"1eacb703-5ac2-4595-ab7a-7bddff6459b6":{"type":"slide","settings":{"background_image":"shopify:\/\/shop_images\/man-in-french-cuff-fashion.jpg","mobile_background_image":"shopify:\/\/shop_images\/man-in-french-cuff-fashion.jpg","title":"","text":"","color":"#ffffff","link":"shopify:\/\/collections\/men-fashion-watch","text_alignment":"center","button_one_label":"SHOP NOW","button_one_link":"shopify:\/\/collections","button_one_style":"primary","button_two_label":"","button_two_link":"","button_two_style":"primary","show_overlay":true,"overlay_color":"#000000","overlay_opacity":53}},"9a83f5fe-53a9-4a19-8f49-cb4df3bda74f":{"type":"slide","settings":{"background_image":"shopify:\/\/shop_images\/1617950139121.jpg","mobile_background_image":"shopify:\/\/shop_images\/1617950139105.jpg","title":"","text":"","color":"#ffffff","link":"shopify:\/\/collections\/fashion-watch-for-women","text_alignment":"center","button_one_label":"SHOP NOW","button_one_link":"","button_one_style":"primary","button_two_label":"","button_two_link":"","button_two_style":"primary","show_overlay":true,"overlay_color":"#000000","overlay_opacity":31}},"ad177ded-e394-45e5-8373-72a6326f2e8b":{"type":"slide","settings":{"background_image":"shopify:\/\/shop_images\/2512998655746.jpg","title":"","text":"","color":"#ffffff","link":"shopify:\/\/collections\/all","text_alignment":"center","button_one_label":"SHOP NOW","button_one_link":"shopify:\/\/products\/zero-breeze-mark-2-a-c","button_one_style":"primary","button_two_label":"","button_two_link":"","button_two_style":"primary","show_overlay":true,"overlay_color":"#000000","overlay_opacity":35}},"slide_w97dxw":{"type":"slide","settings":{"background_image":"shopify:\/\/shop_images\/winter-family-love.jpg","mobile_background_image":"shopify:\/\/shop_images\/winter-family-love.jpg","title":"","text":"","color":"#ffffff","link":"shopify:\/\/collections\/children-wears","text_alignment":"center","button_one_label":"Button","button_one_link":"","button_one_style":"primary","button_two_label":"","button_two_link":"","button_two_style":"primary","show_overlay":true,"overlay_color":"#000000","overlay_opacity":50}},"slide_zVnCLy":{"type":"slide","settings":{"background_image":"shopify:\/\/shop_images\/1898974678288.jpg","mobile_background_image":"shopify:\/\/shop_images\/2512998655746.jpg","title":"","text":"","color":"#ffffff","link":"shopify:\/\/collections\/jewelries","text_alignment":"center","button_one_label":"SHOP NOW","button_one_link":"shopify:\/\/collections\/fashion-watch-for-women","button_one_style":"primary","button_two_label":"","button_two_link":"","button_two_style":"primary","show_overlay":true,"overlay_color":"#000000","overlay_opacity":50}}},"block_order":["16141154082496c2cc-0","1eacb703-5ac2-4595-ab7a-7bddff6459b6","9a83f5fe-53a9-4a19-8f49-cb4df3bda74f","ad177ded-e394-45e5-8373-72a6326f2e8b","slide_w97dxw","slide_zVnCLy"],"settings":{"enable_autoplay":true,"autoplay_duration":6,"slideshow_width":"full","slideshow_height":"small","slideshow_height_mobile":"small","slideshow_text_below_image":true}},"static-list-collections":{"type":"static-list-collections","settings":{"thumbnail_columns_desktop":4,"thumbnail_columns_mobile":3,"image-crop":"original"}},"static-article":{"type":"static-article","settings":{"featured_image_width":"full-width","show_date":true,"show_author":true,"use_share_buttons":true}},"page":{"type":"page","settings":{}},"login":{"type":"login","settings":{}},"page-contact":{"type":"page-contact","settings":{}},"static-utility-bar":{"type":"static-utility-bar","settings":{"enable":false,"use_full_width":true,"background_color":"#000000","link_color":"#ffffff","link_hover_color":"#ffffff","border_color":"#ffffff","menu":"new-benzy-meun","show_menu_mobile":true,"mobile_layout":"below","show_locale_selector":true,"show_currency_selector":true,"show_social_icons":true}},"1626750319c4eb9194":{"type":"pxs-newsletter","settings":{"title":"SIGN UP  TO OUR NEWSLETTER","text":"<p>\"Stay in the loop and never miss a beat! Sign up for our newsletter to receive exclusive updates, special offers, and insider insights delivered straight to your inbox.\"<\/p>","desktop_alignment":"right","mobile_alignment":"bottom"}},"1626750446240d05d5":{"type":"dynamic-rich-text","settings":{"width":"full-width","title":"BENZZYY FASHION  PARADISE","text":"<p>Quality is at the heart of what we do. We collaborate with reputable designers and brands to ensure that each item in our store meets the highest standards of craftsmanship and durability. We believe that fashion should be sustainable, which is why we prioritize ethical sourcing and offer a selection of eco-friendly and fair-trade products.Quality is at the heart of what we do. We collaborate with reputable designers and brands to ensure that each item in our store meets the highest standards of craftsmanship and durability. We believe that fashion should be sustainable, which is why we prioritize ethical sourcing and offer a selection of eco-friendly and fair-trade products.<\/p>","heading_size":"large","text_alignment":"center"}},"1626752043a934f359":{"type":"dynamic-promo-grid","blocks":{"1626752043a934f359-0":{"type":"promotion","settings":{"image":"shopify:\/\/shop_images\/3351185107601.jpg","background_position":"center-center","title":"MEN'S WATCH","text":"","color":"#ffffff","block_link":"shopify:\/\/collections\/men-fashion-watch","button_text":"SHOP NOW","button_style":"primary","show_overlay":true,"background":"#000000","opacity":53}},"1626752043a934f359-1":{"type":"promotion","settings":{"image":"shopify:\/\/shop_images\/2938469569_1302533277.jpg","background_position":"center-center","title":"JEWELRIES","text":"","color":"#ffffff","block_link":"shopify:\/\/collections\/jewelries","button_text":"SHOP NOW","button_style":"primary","show_overlay":true,"background":"#000000","opacity":50}},"1626752043a934f359-3":{"type":"promotion","settings":{"image":"shopify:\/\/shop_images\/1898974678288.jpg","background_position":"center-center","title":"WOMEN FASHION WATCH","text":"","color":"#ffffff","block_link":"shopify:\/\/collections\/headphone","button_text":"SHOP NOW","button_style":"primary","show_overlay":true,"background":"#000000","opacity":50}},"promotion_aAcTnG":{"type":"promotion","settings":{"image":"shopify:\/\/shop_images\/861712599963.jpg","background_position":"center-center","title":"OUR CHILDREN WEARS","text":"","color":"#ffffff","block_link":"shopify:\/\/collections\/headphone","button_text":"SHOP NOW","button_style":"primary","show_overlay":true,"background":"#000000","opacity":50}},"1626752043a934f359-2":{"type":"promotion","disabled":true,"settings":{"background_position":"bottom-center","title":"Fire","text":"","color":"#ffffff","block_link":"shopify:\/\/collections\/solo-stove","button_text":"","button_style":"primary","show_overlay":true,"background":"#000000","opacity":50}}},"block_order":["1626752043a934f359-0","1626752043a934f359-1","1626752043a934f359-3","promotion_aAcTnG","1626752043a934f359-2"],"settings":{"title":"OUR BEST SELLING COLLLECTIONS","section_height":"small","section_columns":4,"text_alignment":"center-center"}},"static-cart":{"type":"static-cart","settings":{"enable_order_notes":false,"enable_shipping_calc":false,"shipping_calc_default_country":"United States"}},"3639a8a3-3716-4e8e-9fa5-7af8b9fa3f67":{"type":"dynamic-rich-text","settings":{"width":"wide","title":"WHO ARE WE?","text":"<p>\"Welcome to Benzzyy Fashion Store, where style meets sophistication! I'm [Your Name], the proud owner of this fashion haven. With a passion for all things trendy and a keen eye for quality, I've curated a collection that embodies elegance and individuality.<\/p>","heading_size":"large","text_alignment":"center"}},"9ef76e99-0105-41ac-a4d2-4512b3fb20d7":{"type":"dynamic-shoppable-image","blocks":{"9ef76e99-0105-41ac-a4d2-4512b3fb20d7-16712203235ca55e05-0":{"type":"hotspot","settings":{"product":"fashion-jewelry-micro-inlay-colorful-zircon-water-drops-cross-necklace","x_axis":10,"y_axis":65}},"9ef76e99-0105-41ac-a4d2-4512b3fb20d7-16712203235ca55e05-1":{"type":"hotspot","settings":{"product":"circle-ladies-pearl-bracelet-watch-fashion-love-diamond-digital-ladies-watch","x_axis":25,"y_axis":30}},"b9f49833-358e-4703-a58e-6fb19f7c9dac":{"type":"hotspot","settings":{"product":"computer-game-headset-microphone-pubg","x_axis":50,"y_axis":50}},"9ef76e99-0105-41ac-a4d2-4512b3fb20d7-16712203235ca55e05-2":{"type":"hotspot","settings":{"product":"26-letter-heart-shaped-necklace-white-shell-love-clavicle-chain-fashion-personalized-necklace-for-women-jewelry-valentines-day","x_axis":85,"y_axis":55}},"5884e0b3-51a1-4061-a65c-dcbbdcc84ef3":{"type":"hotspot","settings":{"product":"fashion-women-watches-leather-quartz-watch-for-ladies-clocks","x_axis":50,"y_axis":50}}},"block_order":["9ef76e99-0105-41ac-a4d2-4512b3fb20d7-16712203235ca55e05-0","9ef76e99-0105-41ac-a4d2-4512b3fb20d7-16712203235ca55e05-1","b9f49833-358e-4703-a58e-6fb19f7c9dac","9ef76e99-0105-41ac-a4d2-4512b3fb20d7-16712203235ca55e05-2","5884e0b3-51a1-4061-a65c-dcbbdcc84ef3"],"settings":{"title":"BENZZYY FASHION STORE (OUR FASHION GLORY)","image":"shopify:\/\/shop_images\/1bb2f1b0-800a-49d4-bff1-05de9f32bd3f.jpg","image_width":"half","link_text":"View product","textbox_title":"We've got Something for you","textbox_subheading":"<p>With our innovative shoppable image, exploring and purchasing your favorite jewelry has never been easier. Simply hover over the featured items to reveal their intricate details and click to instantly add them to your cart. Our seamless integration ensures a smooth and secure shopping experience, allowing you to indulge in the beauty of our jewelry with just a few clicks.<\/p>","textbox_button_label":"SHOP NOW","textbox_button_link":"","textbox_button_style":"primary","textbox_text_alignment":"center","textbox_text_position":"right"}},"7c706ec8-8fe0-430d-b953-b1a1eeb19ad5":{"type":"dynamic-featured-product","settings":{"product":"2021-top-luxury-brand-weide-men-fashion-sports-watches-mens-quartz-led-clock-man-army-military-wrist-watch-relogio-masculino","sold_out_options":"selectable","select_first_available_variant":true,"show_dcb":true,"product_cart_redirect":true,"gallery_aspect_ratio":"natural","gallery_image_crop":true,"gallery_thumbnail_position":"below","gallery_video_autoplay":true,"gallery_video_looping":true,"gallery_hover_zoom":"disabled"}},"6c893fe4-ee9e-476b-be55-c80f28a0bb7a":{"type":"dynamic-promo-grid","blocks":{"6c893fe4-ee9e-476b-be55-c80f28a0bb7a-1671348613206573d1-0":{"type":"promotion","settings":{"image":"shopify:\/\/shop_images\/13716711598804.jpg","background_position":"center-center","title":"","text":"","color":"#4d4d4d","block_link":"shopify:\/\/products\/2021-top-luxury-brand-weide-men-fashion-sports-watches-mens-quartz-led-clock-man-army-military-wrist-watch-relogio-masculino","button_text":"","button_style":"primary","show_overlay":true,"background":"#1d1d1d","opacity":10}},"6c893fe4-ee9e-476b-be55-c80f28a0bb7a-1671348613206573d1-1":{"type":"promotion","settings":{"image":"shopify:\/\/shop_images\/1617950139121.jpg","background_position":"center-center","title":"","text":"","color":"#4d4d4d","block_link":"shopify:\/\/collections\/men-fashion-watch","button_text":"","button_style":"primary","show_overlay":false,"background":"","opacity":50}},"6c893fe4-ee9e-476b-be55-c80f28a0bb7a-1671348613206573d1-2":{"type":"promotion","settings":{"image":"shopify:\/\/shop_images\/1612338862724.jpg","background_position":"center-center","title":"","text":"","color":"#4d4d4d","block_link":"shopify:\/\/collections\/men-fashion-watch","button_text":"","button_style":"primary","show_overlay":false,"background":"","opacity":50}},"6c893fe4-ee9e-476b-be55-c80f28a0bb7a-1671348613206573d1-3":{"type":"promotion","settings":{"image":"shopify:\/\/shop_images\/15943152244138.jpg","background_position":"center-center","title":"","text":"","color":"#4d4d4d","block_link":"shopify:\/\/collections\/men-fashion-watch","button_text":"","button_style":"primary","show_overlay":false,"background":"","opacity":50}},"ff5a569f-e8f6-40cc-a837-7028b20662f5":{"type":"promotion","settings":{"image":"shopify:\/\/shop_images\/1898974678288.jpg","background_position":"center-center","title":"","text":"","color":"#ffffff","block_link":"shopify:\/\/collections\/fashion-watch-for-women","button_text":"","button_style":"primary","show_overlay":true,"background":"#000000","opacity":50}},"27baf3b1-9736-4dad-8d4f-127cef790c18":{"type":"promotion","settings":{"image":"shopify:\/\/shop_images\/1845374831925.jpg","background_position":"center-center","title":"","text":"","color":"#4d4d4d","block_link":"shopify:\/\/collections\/fashion-watch-for-women","button_text":"","button_style":"primary","show_overlay":false,"background":"","opacity":50}},"22643b06-7eef-4c75-b0f2-7261657c8174":{"type":"promotion","settings":{"image":"shopify:\/\/shop_images\/98097b34-d3ff-4e36-bc56-b857e12a88b5.jpg","background_position":"center-center","title":"","text":"","color":"#4d4d4d","block_link":"shopify:\/\/collections\/fashion-watch-for-women","button_text":"","button_style":"primary","show_overlay":false,"background":"","opacity":50}},"f5a9ab52-abc6-44ef-b29a-ca8b89cf58f9":{"type":"promotion","settings":{"image":"shopify:\/\/shop_images\/1618656198591.jpg","background_position":"center-center","title":"","text":"","color":"#4d4d4d","block_link":"shopify:\/\/collections\/fashion-watch-for-women","button_text":"","button_style":"primary","show_overlay":false,"background":"","opacity":50}}},"block_order":["6c893fe4-ee9e-476b-be55-c80f28a0bb7a-1671348613206573d1-0","6c893fe4-ee9e-476b-be55-c80f28a0bb7a-1671348613206573d1-1","6c893fe4-ee9e-476b-be55-c80f28a0bb7a-1671348613206573d1-2","6c893fe4-ee9e-476b-be55-c80f28a0bb7a-1671348613206573d1-3","ff5a569f-e8f6-40cc-a837-7028b20662f5","27baf3b1-9736-4dad-8d4f-127cef790c18","22643b06-7eef-4c75-b0f2-7261657c8174","f5a9ab52-abc6-44ef-b29a-ca8b89cf58f9"],"settings":{"title":"OUR FASHION GALLERY","section_height":"small","section_columns":4,"text_alignment":"top-left"}},"e83e95a9-f192-4d07-8622-dbcd76a7703b":{"type":"dynamic-featured-product","settings":{"product":"amethyst-ladies-watch","sold_out_options":"selectable","select_first_available_variant":true,"show_dcb":true,"product_cart_redirect":false,"gallery_aspect_ratio":"natural","gallery_image_crop":false,"gallery_thumbnail_position":"below","gallery_video_autoplay":true,"gallery_video_looping":true,"gallery_hover_zoom":"disabled"}},"592ff247-bf87-4d99-9e2d-cbec15fd27f6":{"type":"dynamic-featured-collection","settings":{"title":"FASHION JEWELRIES","layout":"grid","collection":"jewelries","product_count":5,"cta_label":"SHOP NOW","cta_button_style":"secondary"}},"97bea312-ac4f-4468-aaeb-fdd26623d6bf":{"type":"dynamic-testimonials","blocks":{"97bea312-ac4f-4468-aaeb-fdd26623d6bf-167151061304b005ec-0":{"type":"testimonial","settings":{"image":"shopify:\/\/shop_images\/model-with-leather-jacket-over-shoulders.jpg","star_rating":"5","text":"<p>I recently had the pleasure of purchasing five different products from Benzzy Fashion Store, and I am absolutely thrilled with my experience. From start to finish, it was evident that Benzzy Fashion Store values quality and customer satisfaction.<\/p>","author":"<h3>Cathy W. Avery<\/h3>"}},"97bea312-ac4f-4468-aaeb-fdd26623d6bf-167151061304b005ec-1":{"type":"testimonial","settings":{"image":"shopify:\/\/shop_images\/man-in-french-cuff-fashion.jpg","star_rating":"4.5","text":"<p>Furthermore, the customer service provided by Benzzy Fashion Store was top-notch. The staff was friendly, knowledgeable, and prompt in addressing any inquiries I had. They went above and beyond to ensure a seamless shopping experience, from assisting with product selection to providing updates on shipping.<\/p>","author":"<h3>Todd K. Gibbons<\/h3>"}},"97bea312-ac4f-4468-aaeb-fdd26623d6bf-167151061304b005ec-2":{"type":"testimonial","settings":{"image":"shopify:\/\/shop_images\/young-woman-in-sunglasses-with-rings.jpg","star_rating":"5","text":"<p>I highly recommend Benzzy Fashion Store for anyone seeking trendy and high-quality fashion pieces. Their extensive range of products, coupled with their excellent customer service, makes them a go-to destination for fashion enthusiasts. I am already looking forward to my next purchase from Benzzy Fashion Store.<\/p>","author":"<h3>Donna J. Jefferson<\/h3>"}}},"block_order":["97bea312-ac4f-4468-aaeb-fdd26623d6bf-167151061304b005ec-0","97bea312-ac4f-4468-aaeb-fdd26623d6bf-167151061304b005ec-1","97bea312-ac4f-4468-aaeb-fdd26623d6bf-167151061304b005ec-2"],"settings":{"title":"Testimonials","image_crop":"circle","text_size":"medium"}}},"content_for_index":["16141154082496c2cc","1626752043a934f359","3639a8a3-3716-4e8e-9fa5-7af8b9fa3f67","1493163784784","9ef76e99-0105-41ac-a4d2-4512b3fb20d7","7c706ec8-8fe0-430d-b953-b1a1eeb19ad5","1626750446240d05d5","6c893fe4-ee9e-476b-be55-c80f28a0bb7a","e83e95a9-f192-4d07-8622-dbcd76a7703b","592ff247-bf87-4d99-9e2d-cbec15fd27f6","97bea312-ac4f-4468-aaeb-fdd26623d6bf","1626750319c4eb9194"],"blocks":{"17135229265405203036":{"type":"shopify:\/\/apps\/quicky\/blocks\/quickBanner\/3421d53e-fb02-449c-a9ef-daf28f28450a","disabled":false,"settings":{}},"16278478101612877664":{"type":"shopify:\/\/apps\/pagefly-page-builder\/blocks\/app-embed\/83e179f7-59a0-4589-8c66-c0dddf959200","disabled":false,"settings":{}},"6823593598389407732":{"type":"shopify:\/\/apps\/avada-seo-suite\/blocks\/avada-seo\/15507c6e-1aa3-45d3-b698-7e175e033440","disabled":false,"settings":{}}}},"presets":{"Graphic":{"color_background":"#ffffff","color_headings":"#484848","color_text":"#4d4d4d","color_text_light":"#949494","color_links":"#e32619","color_button_background":"#e32619","color_button_text":"#ffffff","color_button_secondary_background":"#ffffff","color_button_secondary_text":"#e32619","color_button_secondary_border":"#dddddd","color_header_background":"#ffffff","color_header_text":"#484848","color_input_text":"#4d4d4d","color_input_background":"#ffffff","color_input_border":"#dddddd","color_product_sale_accent":"#e32619","color_product_review_star":"#f6c347","color_footer_background":"#ffffff","color_footer_text":"#686868","color_overlay":"#000000","overlay_opacity":50,"type_size_base":16,"type_heading":"futura_n7","type_heading_size":"1","type_heading_capitalize":false,"type_heading_spacing":0,"type_body":"lato_n4","type_menu":"lato_n7","type_menu_capitalize":false,"type_menu_spacing":0,"type_button":"lato_n7","type_button_capitalize":false,"type_button_spacing":0,"type_section":"futura_n7","type_section_capitalize":false,"type_section_spacing":0,"layout_max_width":1400,"product_show_vendor":true,"product_show_sku":false,"product_enable_recently_viewed_products":true,"product_option_style":"select","product_sales_badge":true,"product_sales_badge_style":"money","product_social_sharing":true,"product_slideshow_style":"natural","gallery_thumbnail_position":"below","product_ratings_reviews":true,"product_ratings_star_display":"prod-page","product_grid_show_second_image":false,"product_grid_emphasize_price":false,"product_grid_image_style":"natural","swatches_enable":true,"swatches_swatch_trigger":"Color","swatches_shape":"square","swatches_product_card_size":32,"swatches_product_page_size":64,"swatches_option_style":"variant_image","swatches_custom_colors":"","product_grid_show_quickshop":"always","product_grid_show_atc":"always","quickshop_show_dcb":true,"quickshop_product_cart_redirect":false,"social_default_image":"","social_facebook":"","social_twitter":"","social_pinterest":"","social_instagram":"","social_tumblr":"","social_vimeo":"","social_youtube":"","social_linkedin":"","social_email":"","favicon":"","enable_currency_converter":true,"currency_display_format":"money_format","currency_converter_currencies":"INR GBP CAD USD AUD EUR JPY","currency_converter_default":"USD","enable_checkout_lock_icon":false,"continue_shopping_url":"shopify:\/\/collections\/all","continue_url_cart":true,"continue_url_404":true,"enable_image_zoom":false,"image_zoom_level":"min","product_grid_quick_shop":true,"product_grid_quick_buy":true,"social_google":"","show_dcb":false,"product_grid_quick_look":true,"font_body":"Google_Lato_400,400i,700,700i","font_heading":"\"League Spartan\", sans-serif","quickshop_ratings":true,"quickshop_redirect_to_cart":false,"quickshop_sales_badge":true,"quickshop_sales_badge_style":"percentile_save","quickshop_ratings_reviews":true,"quickshop_enable_social_sharing":true,"product_cart_redirect":false,"show_breadcrumbs":true,"quickshop_show_vendor":true,"sections":{"static-header":{"type":"static-header","blocks":{"1517255946962":{"type":"meganav_images","settings":{}},"1572476394007":{"type":"multi_column_menu","settings":{}}},"block_order":["1517255946962","1572476394007"],"settings":{"sticky_header":false,"full_width_header":false,"logo_height":40,"logo_width":150,"filter_search_by":"disabled","enable_live_search":true,"show_mobile_search_bar":true,"enable_live_search_images":true,"enable_live_search_articles_pages":true,"quick_links":"shop-by-piece","menu":"main-menu","small_promo_heading":"Free Shipping","small_promo_text":"<p>on all orders over $75<\/p>","small_promo_text_mobile":"<p>on all orders over $75<\/p>","small_promo_icon":"icon-delivery","image":""}},"1520634789686":{"type":"dynamic-featured-product","settings":{"show_dcb":false,"product_cart_redirect":false}},"1498182734213":{"type":"dynamic-twitter-feed","settings":{"retweets":false,"images":false}},"1517239645202":{"type":"dynamic-search","settings":{"filter_search_by":"disabled","enable_live_search":true,"enable_live_search_images":true,"enable_live_search_articles_pages":false,"position":"top-center","show-overlay":true,"color":"#4d4d4d","background":"#ffffff","opacity":75}},"static-blog":{"type":"static-blog","settings":{"show_rss_link":true,"show_date":true,"show_author":true,"show_excerpt":true,"posts_per_page_range":9}},"1493143038057":{"type":"dynamic-promo-mosaic","blocks":{"1493143038057-0":{"type":"promotion","settings":{"button_style":"secondary","show_overlay":false,"background":"","opacity":1}},"1493143038057-1":{"type":"promotion","settings":{"button_style":"primary","show_overlay":false,"background":"","opacity":50}},"1493143038057-2":{"type":"promotion","settings":{"button_style":"primary","show_overlay":false,"background":"","opacity":50}},"1493143583401":{"type":"promotion","settings":{"button_style":"primary","show_overlay":false,"background":"","opacity":50}}},"block_order":["1493143038057-0","1493143038057-1","1493143038057-2","1493143583401"],"settings":{"title":"","section_height":"small","text_alignment":"top-left","maintain_aspect_ratio":false,"compress_blocks":false}},"static-footer":{"type":"static-footer","blocks":{"static-footer-0":{"type":"menu","settings":{"menu":"main-menu"}},"1498182586280":{"type":"menu","settings":{}},"1498182572847":{"type":"menu","settings":{}},"1493171899575":{"type":"social_accounts","settings":{}},"static-footer-1":{"type":"newsletter","settings":{}}},"block_order":["static-footer-0","1498182586280","1498182572847","1493171899575","static-footer-1"],"settings":{"payment_icons":false,"additional_menu":"footer"}},"1493145778308":{"type":"dynamic-promo-grid","blocks":{"1493145778308-0":{"type":"promotion","settings":{"button_style":"primary","show_overlay":false,"background":"","opacity":50}}},"block_order":["1493145778308-0"],"settings":{"section_height":"medium","text_alignment":"center-center"}},"static-highlights-banners":{"type":"static-highlights-banners","blocks":{"static-highlights-banners-0":{"type":"highlight","settings":{"icon":"icon-delivery","image":"","title":"Free Shipping","text":"<p>When you spend $100+<\/p>","link":""}},"static-highlights-banners-1":{"type":"highlight","settings":{"icon":"icon-cell-phone","image":"","title":"Give Us A Call","text":"<p>+1 (201) 555-5555<\/p>","link":""}},"static-highlights-banners-2":{"type":"highlight","settings":{"icon":"icon-chat-alternate","image":"","title":"Chat With Us","text":"<p>We offer 24-hour chat support<\/p>","link":""}},"static-highlights-banners-3":{"type":"highlight","settings":{"icon":"icon-pin","image":"","title":"Locations","text":"<p>Find a store near you<\/p>","link":""}}},"block_order":["static-highlights-banners-0","static-highlights-banners-1","static-highlights-banners-2","static-highlights-banners-3"],"settings":{"show_highlights_banner":false,"color":"#4d4d4d","icon_color":"#4d4d4d","background_color":"#f8f8f8"}},"1521054862775":{"type":"dynamic-video","settings":{"show_caption":false,"autoplay":false,"aspect_ratio":"16-9","position":"center-center","show_overlay":false,"background":"#000000","opacity":50}},"static-collection":{"type":"static-collection","blocks":{"1498186879532":{"type":"menu","settings":{"menu":""}},"1498186836236":{"type":"menu","settings":{"menu":""}},"1572651808624":{"type":"menu","settings":{"menu":""}}},"block_order":["1498186879532","1498186836236","1572651808624"],"settings":{"show_collection_image":true,"products_per_page_range":24,"products_per_row":"4","sort_by":true,"show_by":true,"grid_list":true,"default_view":"grid-view","show_sidebar":true,"filter_style":"groups","filter_limit":"5","filter_position":"above_menus","grid_categories":"","custom_ordered_categories":"","custom_ordered_tags":"","menu_depth_range":1}},"static-slideshow":{"type":"static-slideshow","blocks":{"static-slideshow-0":{"type":"slide","settings":{"color":"#ffffff","text_alignment":"center","button_one_label":"Button","button_one_style":"primary","button_two_style":"primary","show_overlay":true,"overlay_color":"#000000","overlay_opacity":50}},"static-slideshow-1":{"type":"slide","settings":{"color":"#ffffff","text_alignment":"center","button_one_label":"Button","button_one_style":"primary","button_two_style":"primary","show_overlay":true,"overlay_color":"#000000","overlay_opacity":50}}},"block_order":["static-slideshow-0","static-slideshow-1"],"settings":{"show_slideshow":false,"enable_autoplay":true,"autoplay_duration":8,"slideshow_height":"medium"}},"1493163784784":{"type":"dynamic-featured-collection","settings":{"title":"Featured Collection","layout":"grid","collection":"muuto","product_count":5,"cta_button_style":"primary"}},"1493171740659":{"type":"dynamic-blog-posts","settings":{"title":"Blog Posts","blog":"news","show_date":true,"show_author":true,"show_excerpt":true}},"1493166188493":{"type":"dynamic-menu-list","blocks":{"1493166188493-0":{"type":"menu","settings":{}},"1493166188493-1":{"type":"menu","settings":{}},"1493166188493-2":{"type":"menu","settings":{}}},"block_order":["1493166188493-0","1493166188493-1","1493166188493-2"],"settings":{}},"static-product":{"type":"static-product","settings":{"layout":"layout--two-col","show_dcb":false,"product_cart_redirect":false}},"1540247561673":{"type":"dynamic-promo-grid","blocks":{"1540247561673-0":{"type":"promotion","settings":{"button_style":"primary","show_overlay":false,"background":"","opacity":50}},"1540247561673-1":{"type":"promotion","settings":{"button_style":"primary","show_overlay":false,"background":"#ee3224","opacity":50}}},"block_order":["1540247561673-0","1540247561673-1"],"settings":{"title":"","section_height":"small","text_alignment":"top-left"}},"static-announcement":{"type":"static-announcement","settings":{"show_announcement":false,"homepage_announcement":false,"announcement_color":"#ffffff"}},"static-product-recommendations":{"type":"static-product-recommendations","settings":{"show_product_recommendations":true,"product_recommendations_heading":"Inspired by your shopping trends"}},"static-product-reviews":{"type":"static-product-reviews","settings":{}},"static-recently-viewed":{"type":"static-recently-viewed","settings":{"enable_recently_viewed_products":true}}},"content_for_index":["1493143038057","1493145778308","1540247561673","1493163784784","1520634789686","1521054862775","1493166188493","1493171740659","1498182734213","1517239645202"]},"Supply":{"color_background":"#ffffff","color_headings":"#222222","color_text":"#4d4d4d","color_text_light":"#949494","color_links":"#1e8570","color_button_background":"#ffab41","color_button_text":"#1a390c","color_button_secondary_background":"#ffffff","color_button_secondary_text":"#1e8570","color_button_secondary_border":"#dddddd","color_header_background":"#30656b","color_header_text":"#ffffff","color_input_text":"#4d4d4d","color_input_background":"#ffffff","color_input_border":"#dddddd","color_product_sale_accent":"#de0101","color_product_review_star":"#ffab41","color_footer_background":"#f8f8f8","color_footer_text":"#5c5c5c","color_overlay":"#000000","overlay_opacity":50,"type_size_base":16,"type_heading":"cabin_n7","type_heading_size":"1","type_heading_capitalize":false,"type_heading_spacing":0,"type_body":"cabin_n4","type_menu":"cabin_n6","type_menu_capitalize":false,"type_menu_spacing":0,"type_button":"cabin_n6","type_button_capitalize":false,"type_button_spacing":0,"type_section":"cabin_n7","type_section_capitalize":false,"type_section_spacing":1,"layout_max_width":1400,"product_show_vendor":false,"product_show_sku":false,"product_enable_recently_viewed_products":true,"product_option_style":"select","product_sales_badge":true,"product_sales_badge_style":"percentile","product_social_sharing":true,"product_slideshow_style":"natural","gallery_thumbnail_position":"below","product_ratings_reviews":true,"product_ratings_star_display":"all","product_grid_show_second_image":false,"product_grid_emphasize_price":true,"product_grid_image_style":"natural","swatches_enable":false,"swatches_swatch_trigger":"Color","swatches_shape":"square","swatches_product_card_size":16,"swatches_product_page_size":16,"swatches_option_style":"color_swatch","swatches_custom_colors":"","product_grid_show_quickshop":"always","product_grid_show_atc":"always","quickshop_show_dcb":true,"quickshop_product_cart_redirect":false,"social_default_image":"","social_facebook":"","social_twitter":"","social_pinterest":"","social_instagram":"","social_tumblr":"","social_vimeo":"","social_youtube":"","social_linkedin":"","social_email":"","favicon":"","enable_currency_converter":true,"currency_display_format":"money_format","currency_converter_currencies":"INR GBP CAD USD AUD EUR JPY","currency_converter_default":"USD","enable_checkout_lock_icon":false,"continue_shopping_url":"shopify:\/\/collections\/all","continue_url_cart":true,"continue_url_404":true,"enable_image_zoom":false,"image_zoom_level":"min","product_grid_quick_shop":true,"product_grid_quick_buy":true,"social_google":"","show_dcb":false,"product_grid_quick_look":true,"font_body":"Google_Cabin_400,400i,700,700i","font_heading":"Google_Cabin_400,400i,700,700i","product_cart_redirect":false,"sections":{"static-header":{"type":"static-header","blocks":{"1517257487463":{"type":"meganav_images","settings":{}}},"block_order":["1517257487463"],"settings":{"sticky_header":true,"full_width_header":false,"logo_height":40,"logo_width":150,"filter_search_by":"product_type","enable_live_search":true,"show_mobile_search_bar":true,"enable_live_search_images":true,"enable_live_search_articles_pages":true,"quick_links":"quick-links","menu":"main-menu","small_promo_icon":"none","image":""}},"1497987534817":{"type":"dynamic-twitter-feed","settings":{"retweets":false,"images":false}},"static-list-collections":{"type":"static-list-collections","settings":{}},"static-article":{"type":"static-article","settings":{"show_date":true,"show_author":true,"use_share_buttons":true}},"1497995056454":{"type":"dynamic-featured-collection","blocks":{"1572650065202":{"type":"title_card","settings":{"image":"","text_color":"#ffffff","overlay_color":"#1d8570","overlay_opacity":0}}},"block_order":["1572650065202"],"settings":{"title":"","layout":"slideshow","collection":"","product_count":10,"cta_label":"","cta_button_style":"primary"}},"static-slideshow":{"type":"static-slideshow","blocks":{"static-slideshow-1":{"type":"slide","settings":{"background_image":"","color":"#ffffff","text_alignment":"center","button_one_style":"primary","button_two_style":"primary","show_overlay":true,"overlay_color":"#111111","overlay_opacity":35}},"static-slideshow-0":{"type":"slide","settings":{"color":"#ffffff","text_alignment":"center","button_one_style":"primary","button_two_style":"primary","show_overlay":true,"overlay_color":"#111111","overlay_opacity":5}},"1517242272829":{"type":"slide","settings":{"color":"#ffffff","text_alignment":"center","button_one_style":"primary","button_two_style":"primary","show_overlay":true,"overlay_color":"#000000","overlay_opacity":45}}},"block_order":["static-slideshow-1","static-slideshow-0","1517242272829"],"settings":{"show_slideshow":true,"enable_autoplay":true,"autoplay_duration":8,"slideshow_height":"large"}},"static-footer":{"type":"static-footer","blocks":{"1497987853004":{"type":"social_accounts","settings":{}},"1497987889867":{"type":"menu","settings":{"menu":"navigate"}},"1497987887830":{"type":"menu","settings":{"menu":"community"}},"1497987862126":{"type":"menu","settings":{"menu":"support"}},"1520633482343":{"type":"rich_text","settings":{}}},"block_order":["1497987853004","1497987889867","1497987887830","1497987862126","1520633482343"],"settings":{"payment_icons":true,"additional_menu":"footer"}},"static-search":{"type":"static-search","settings":{"results_per_page_range":24,"products_per_row":"4","enable_search_articles_pages":true}},"static-highlights-banners":{"type":"static-highlights-banners","blocks":{"static-highlights-banners-0":{"type":"highlight","settings":{"icon":"icon-delivery","image":"","title":"Free Shipping","text":"<p>When you spend $50+<\/p>"}},"static-highlights-banners-1":{"type":"highlight","settings":{"icon":"icon-cell-phone","image":"","title":"Call Us Anytime","text":"<p>+1 (250) 555-5555<\/p>"}},"static-highlights-banners-2":{"type":"highlight","settings":{"icon":"icon-people-alternate","image":"","title":"Chat With Us","text":"<p>We offer 24-hour chat support<\/p>"}},"static-highlights-banners-3":{"type":"highlight","settings":{"icon":"icon-gift-card","image":"","title":"Gift Cards","text":"<p>For your loved one, in any amount<\/p>"}}},"block_order":["static-highlights-banners-0","static-highlights-banners-1","static-highlights-banners-2","static-highlights-banners-3"],"settings":{"show_highlights_banner":true,"color":"#4d4d4d","icon_color":"#4d4d4d","background_color":"#f8f8f8"}},"1517012346780":{"type":"dynamic-video","settings":{"title":"Video","show_caption":false,"caption":"<p>A short description of the video.<\/p>","autoplay":false,"aspect_ratio":"16-9","position":"center-center","show_overlay":true,"background":"#000000","opacity":40}},"static-collection":{"type":"static-collection","blocks":{"1572648609386":{"type":"menu","settings":{"menu":"collections"}}},"block_order":["1572648609386"],"settings":{"show_collection_image":true,"products_per_page_range":24,"products_per_row":"4","sort_by":true,"show_by":true,"grid_list":true,"default_view":"grid-view","show_sidebar":true,"filter_style":"groups","filter_limit":"999","filter_position":"above_menus","grid_categories":"","custom_ordered_categories":"","custom_ordered_tags":"","menu_depth_range":1}},"1497987614708":{"type":"dynamic-featured-collection","blocks":{"1572649899712":{"type":"title_card","settings":{"text_color":"#ffffff","overlay_color":"#1d8570","overlay_opacity":0}}},"block_order":["1572649899712"],"settings":{"title":"Featured Products","layout":"slideshow","product_count":10,"cta_label":"","cta_button_style":"primary"}},"1497989801200":{"type":"dynamic-promo-grid","blocks":{"1497989801200-2":{"type":"promotion","settings":{"button_style":"primary","show_overlay":false,"background":"","opacity":50}},"1497989902765":{"type":"promotion","settings":{"button_style":"primary","show_overlay":false,"background":"","opacity":50}},"1497989801200-0":{"type":"promotion","settings":{"button_style":"primary","show_overlay":false,"background":"","opacity":50}},"1497989801200-1":{"type":"promotion","settings":{"button_style":"primary","show_overlay":false,"background":"","opacity":50}}},"block_order":["1497989801200-2","1497989902765","1497989801200-0","1497989801200-1"],"settings":{"section_height":"small","text_alignment":"top-left"}},"1497987529582":{"type":"dynamic-blog-posts","settings":{"blog":"news","show_date":true,"show_author":true,"show_excerpt":true}},"1497982042455":{"type":"dynamic-promo-mosaic","blocks":{"1498248584447":{"type":"promotion","settings":{"button_style":"primary","show_overlay":false,"background":"","opacity":50}},"1497982042455-1":{"type":"promotion","settings":{"button_style":"primary","show_overlay":false,"background":"","opacity":50}},"1498248685900":{"type":"promotion","settings":{"button_style":"primary","show_overlay":false,"background":"","opacity":50}},"1497982042455-0":{"type":"promotion","settings":{"button_style":"primary","show_overlay":false,"background":"","opacity":50}},"1497982042455-2":{"type":"promotion","settings":{"button_style":"primary","show_overlay":false,"background":"","opacity":50}}},"block_order":["1498248584447","1497982042455-1","1498248685900","1497982042455-0","1497982042455-2"],"settings":{"section_height":"medium","text_alignment":"top-left","maintain_aspect_ratio":false,"compress_blocks":false}},"static-blog":{"type":"static-blog","settings":{"show_rss_link":false,"show_date":true,"show_author":false,"show_excerpt":false,"posts_per_page_range":9}},"static-product":{"type":"static-product","settings":{"layout":"layout--three-col","show_dcb":true,"product_cart_redirect":false}},"1520633208717":{"type":"pxs-newsletter","settings":{"title":"Newsletter","desktop_alignment":"left","mobile_alignment":"top"}},"static-announcement":{"type":"static-announcement","settings":{"show_announcement":false,"homepage_announcement":false,"announcement_color":"#ffffff"}},"static-recently-viewed":{"type":"static-recently-viewed","settings":{"enable_recently_viewed_products":true}},"static-product-recommendations":{"type":"static-product-recommendations","settings":{"show_product_recommendations":true,"product_recommendations_heading":"Related Products"}},"static-product-reviews":{"type":"static-product-reviews","settings":{}}},"content_for_index":["1497982042455","1497989801200","1497987614708","1497995056454","1497987529582","1517012346780","1497987534817","1520633208717"]},"Industrial":{"color_background":"#ffffff","color_headings":"#4c4c4c","color_text":"#4c5154","color_text_light":"#949494","color_links":"#0076de","color_button_background":"#0076de","color_button_text":"#ffffff","color_button_secondary_background":"#ffffff","color_button_secondary_text":"#0076de","color_button_secondary_border":"#dddddd","color_header_background":"#1d2236","color_header_text":"#ffffff","color_input_text":"#4d4d4d","color_input_background":"#ffffff","color_input_border":"#dddddd","color_product_sale_accent":"#de0101","color_product_review_star":"#4c4c4c","color_footer_background":"#edeff3","color_footer_text":"#5c5c5c","color_overlay":"#000000","overlay_opacity":50,"type_size_base":16,"type_heading":"arimo_n7","type_heading_size":"1","type_heading_capitalize":false,"type_heading_spacing":0,"type_body":"libre_franklin_n4","type_menu":"libre_franklin_n7","type_menu_capitalize":false,"type_menu_spacing":0,"type_button":"libre_franklin_n7","type_button_capitalize":false,"type_button_spacing":0,"type_section":"arimo_n7","type_section_capitalize":false,"type_section_spacing":1,"layout_max_width":1400,"product_show_vendor":true,"product_show_sku":false,"product_enable_recently_viewed_products":false,"product_option_style":"radio","product_sales_badge":true,"product_sales_badge_style":"text","product_social_sharing":true,"product_slideshow_style":"natural","gallery_thumbnail_position":"below","product_ratings_reviews":true,"product_ratings_star_display":"all","product_grid_show_second_image":false,"product_grid_emphasize_price":true,"product_grid_image_style":"natural","swatches_enable":true,"swatches_swatch_trigger":"Color","swatches_shape":"circle","swatches_product_card_size":16,"swatches_product_page_size":24,"swatches_option_style":"color_swatch","swatches_custom_colors":"Orange: #FE6C00\nCyan: #28D6F7\nBlue: #3697CB\nRed: #DA3328\nYellow: #F9D02F\nGreen: #19C17F\nPink: #CF236E","product_grid_show_quickshop":"always","product_grid_show_atc":"always","quickshop_show_dcb":false,"quickshop_product_cart_redirect":false,"social_default_image":"","social_facebook":"","social_twitter":"","social_pinterest":"","social_instagram":"","social_tumblr":"","social_vimeo":"","social_youtube":"","social_linkedin":"","social_email":"","favicon":"","enable_currency_converter":true,"currency_display_format":"money_with_currency_format","currency_converter_currencies":"INR GBP CAD USD AUD EUR JPY","currency_converter_default":"USD","enable_checkout_lock_icon":false,"continue_shopping_url":"shopify:\/\/collections\/all","continue_url_cart":true,"continue_url_404":true,"enable_image_zoom":true,"image_zoom_level":"max","product_grid_quick_shop":true,"product_grid_quick_buy":true,"social_google":"","show_dcb":false,"font_body":"Google_Libre+Franklin_400,400i,700,700i","product_cart_redirect":false,"font_heading":"Google_Arimo_400,400i,700,700i","product_grid_quick_look":true,"sections":{"static-header":{"type":"static-header","settings":{"sticky_header":false,"full_width_header":false,"logo_height":56,"logo_width":150,"filter_search_by":"product_type","enable_live_search":true,"show_mobile_search_bar":false,"enable_live_search_images":true,"enable_live_search_articles_pages":true,"quick_links":"","menu":"main-menu","small_promo_heading":"","small_promo_text":"","small_promo_text_mobile":"","small_promo_link":"","small_promo_icon":"none","image":""}},"1497918122928":{"type":"dynamic-collection-list","blocks":{"1497918122928-1":{"type":"collection","settings":{}},"1497918122928-3":{"type":"collection","settings":{}},"1497918122928-2":{"type":"collection","settings":{}},"1497918666626":{"type":"collection","settings":{}}},"block_order":["1497918122928-1","1497918122928-3","1497918122928-2","1497918666626"],"settings":{"title":"Most Popular Brands"}},"1521049818431":{"type":"dynamic-featured-product","settings":{"show_dcb":false,"product_cart_redirect":false}},"static-collection":{"type":"static-collection","blocks":{"1572652324737":{"type":"menu","settings":{"menu":"shop"}}},"block_order":["1572652324737"],"settings":{"show_collection_image":false,"products_per_page_range":24,"products_per_row":"3","sort_by":true,"show_by":true,"grid_list":true,"default_view":"list-view","show_sidebar":true,"filter_style":"groups","filter_limit":"999","filter_position":"above_menus","grid_categories":"","custom_ordered_tags":"","menu_depth_range":1}},"1497904638504":{"type":"dynamic-promo-grid","blocks":{"1497904638504-0":{"type":"promotion","settings":{"button_style":"primary","show_overlay":false,"background":"","opacity":50}},"1497904638504-1":{"type":"promotion","settings":{"button_style":"primary","show_overlay":false,"background":"","opacity":50}}},"block_order":["1497904638504-0","1497904638504-1"],"settings":{"section_height":"small","text_alignment":"top-left"}},"1497902596403":{"type":"dynamic-promo-mosaic","blocks":{"1497902596403-0":{"type":"promotion","settings":{"button_style":"primary","show_overlay":false,"background":"","opacity":50}},"1497902596403-2":{"type":"promotion","settings":{"button_style":"primary","show_overlay":false,"background":"","opacity":50}},"1497902655509":{"type":"promotion","settings":{"button_style":"primary","show_overlay":false,"background":"","opacity":50}},"1497902596403-1":{"type":"promotion","settings":{"button_style":"primary","show_overlay":false,"background":"","opacity":50}},"1497902666994":{"type":"promotion","settings":{"button_style":"primary","show_overlay":false,"background":"","opacity":50}}},"block_order":["1497902596403-0","1497902596403-2","1497902655509","1497902596403-1","1497902666994"],"settings":{"title":"","section_height":"medium","text_alignment":"top-left","maintain_aspect_ratio":false,"compress_blocks":true}},"static-article":{"type":"static-article","settings":{"show_date":true,"show_author":false,"use_share_buttons":true}},"1520984517333":{"type":"pxs-newsletter","settings":{"desktop_alignment":"left","mobile_alignment":"top"}},"static-slideshow":{"type":"static-slideshow","blocks":{"static-slideshow-0":{"type":"slide","settings":{"background_image":"","color":"#ffffff","link":"","text_alignment":"center","button_one_label":"Button","button_one_link":"","button_one_style":"primary","button_two_label":"","button_two_link":"","button_two_style":"primary","show_overlay":true,"overlay_color":"#000000","overlay_opacity":50}},"static-slideshow-1":{"type":"slide","settings":{"background_image":"","color":"#ffffff","link":"","text_alignment":"center","button_one_label":"Button","button_one_link":"","button_one_style":"primary","button_two_label":"","button_two_link":"","button_two_style":"primary","show_overlay":true,"overlay_color":"#000000","overlay_opacity":50}}},"block_order":["static-slideshow-0","static-slideshow-1"],"settings":{"show_slideshow":false,"enable_autoplay":true,"autoplay_duration":8,"slideshow_height":"medium"}},"static-footer":{"type":"static-footer","blocks":{"1497906897044":{"type":"menu","settings":{}},"1497909194722":{"type":"menu","settings":{}},"1497906879041":{"type":"menu","settings":{}},"1497906643880":{"type":"social_accounts","settings":{}}},"block_order":["1497906897044","1497909194722","1497906879041","1497906643880"],"settings":{"payment_icons":false,"additional_menu":""}},"1497904091093":{"type":"dynamic-featured-collection","settings":{"layout":"grid","product_count":5,"cta_button_style":"primary"}},"1497905019048":{"type":"dynamic-blog-posts","settings":{"blog":"news","show_date":true,"show_author":true,"show_excerpt":true}},"1520636219191":{"type":"pxs-map","disabled":true,"settings":{"section_height":"medium","title":"Our Location","content":"<p>1221 Broad St, Victoria, BC<\/p>","text_alignment":"center","layout":"overlay-bottom-left","layout_mobile":"above","address":"1221 Broad St, Victoria, BC","enable_custom_colors":true,"foreground_color":"#4c5154","background_color":"#ffffff","zoom":4,"image":"","image_position":"center center","overlay_color":"#000000","opacity":0}},"static-blog":{"type":"static-blog","settings":{"show_rss_link":true,"show_date":true,"show_author":false,"show_excerpt":true,"featured_post":"","posts_per_page_range":9}},"static-highlights-banners":{"type":"static-highlights-banners","blocks":{"static-highlights-banners-0":{"type":"highlight","settings":{"icon":"icon-delivery","image":"","title":"Free Shipping","text":"<p>When you spend $100+<\/p>","link":""}},"static-highlights-banners-1":{"type":"highlight","settings":{"icon":"icon-cell-phone","image":"","title":"Give Us A Call","text":"<p>+1 (250) 555-5555<\/p>","link":""}},"static-highlights-banners-2":{"type":"highlight","settings":{"icon":"icon-chat-alternate","image":"","title":"Chat With Us","text":"<p>We offer 24-hour chat support<\/p>","link":""}},"1517238432387":{"type":"highlight","settings":{"icon":"icon-store","image":"","title":"Locations","text":"<p>Find a store near you<\/p>","link":""}}},"block_order":["static-highlights-banners-0","static-highlights-banners-1","static-highlights-banners-2","1517238432387"],"settings":{"show_highlights_banner":true,"color":"#4d4d4d","icon_color":"#4d4d4d","background_color":"#f8f8f8"}},"static-product":{"type":"static-product","settings":{"layout":"layout--three-col","show_dcb":true,"product_cart_redirect":false}},"static-announcement":{"type":"static-announcement","settings":{"show_announcement":true,"homepage_announcement":false,"announcement_link":"","announcement_color":"#ffffff","announcement_background":"#6c84b3"}},"static-recently-viewed":{"type":"static-recently-viewed","settings":{"enable_recently_viewed_products":false}},"static-product-recommendations":{"type":"static-product-recommendations","settings":{"show_product_recommendations":true}},"static-product-reviews":{"type":"static-product-reviews","settings":{}},"static-search":{"type":"static-search","settings":{"results_per_page_range":24,"products_per_row":"3","enable_search_articles_pages":true}}},"content_for_index":["1497902596403","1497918122928","1521049818431","1497904091093","1497904638504","1497905019048","1520636219191","1520984517333"]}}}